Entry Name,Franchise Layer,Estimated CE Year,Canon Status,Protagonist,Antagonist,Gameplay Role,Source
"Campaign 0.1 — ""Ashes of the Kamado"" (Season 1: Unwavering Resolve Arc, 2019)",Demon Slayer,"Taishō, winter (Cycle 0)",Canon,Tanjiro Kamado,"Muzan Kibutsuji (shadow), Lower Rank demons Rui and Enmu, Susamaru/Yahaba (mid-bosses)","Unlocks Slayer Corps faction, final-selection survival mechanic, rank ladder, breathing-slot system, Water Breathing, black Nichirin blade, Kasugai crow network, wisteria ward-lines",1
"Campaign 0.2 — ""The Forty-Passenger Rite"" (Film: Mugen Train, 2020)",Demon Slayer,"Taishō, weeks after Campaign 0.1 (Cycle 0)",Canon,"Tanjiro Kamado, Kyojuro Rengoku (co-lead)","Enmu (Lower Rank One), Akaza (Upper Rank Three, end-boss)","Unlocks Veil-walking travel mechanic, dream-entry/exit, Flame Breathing Form Nine, Akaza's Compass Needle module, Oath of the Fallen Pillar vow currency buff",1
"Campaign 0.3 — ""The Pleasure Quarter Siege"" (Season 2: Entertainment District Arc, 2021–22)",Demon Slayer,Taishō (Cycle 0),Canon,"Tengen Uzui, Tanjiro Kamado, Zenitsu Agatsuma, Inosuke Hashibira",Upper Rank Six — Daki and Gyutaro,"Unlocks Anti-Venom and Infiltration branches, district tiles as stealth-maps, Sound Breathing + Musical Score combat, poison pharmacology, obi-flesh storage biotech",1
"Campaign 0.4 — ""Village of the Forged Sun"" (Season 3: Swordsmith Village Arc, 2023)",Demon Slayer,Taishō (Cycle 0),Canon,"Tanjiro Kamado, Muichiro Tokito (co-lead), Mitsuri Kanroji (co-lead)","Upper Rank Five Gyokko, Upper Rank Four Hantengu","Unlocks Slayer Mark resonance buff zones, Mark of the Slayer, Bright Red Blade technique, Yoriichi Type Zero automaton combat doll",1
"Campaign 0.5 — ""The Pillar Vigil"" (Season 4: Hashira Training Arc, 2024)",Demon Slayer,Taishō (Cycle 0),Canon,"The Hashira collectively, Tanjiro Kamado","Muzan Kibutsuji's probing strikes, Kokushibo (shadow)","Unlocks corps-wide coordination (party-swapping mid-battle), Final War scenario flag, Constant training mastery, Ubuyashiki vow-network foresight",1
"Campaign 0.6 — ""The Labyrinth of the First Demon"" (Film Trilogy: Infinity Castle, 2025–2029)",Demon Slayer,"Taishō, final war night (Cycle 0)",Canon,The entire Demon Slayer Corps,"Muzan Kibutsuji, Kokushibo, Doma, Akaza, Nakime","Ends Cycle 0, grants age mastery nodes, closes Breathing branch, introduces Transparent World, Selfless State, living architecture, Tamayo's four-stage anti-Muzan poison",1
"Campaign 1.1 — ""The Gresit Heresy"" (Season 1, 2017)",Castlevania,1476 Wallachia (Cycle 1),Canon,Trevor Belmont,"Dracula Vlad Tepes, corrupt bishops, Cyclops","Unlocks Belmont faction, glyph-casting class, Morning Star whip (relic weapon scaling with vow-inventory), Speaker glyph set, Belmont combat rites, Trio Pact vow",1
"Campaign 1.2 — ""The Forgemaster's War"" (Season 2, 2018)",Castlevania,1476–1477 Wallachia (Cycle 1),Canon,"Trevor Belmont, Sypha Belnades, Alucard, defecting forgemaster arc","Dracula (end-boss), Carmilla and vampire sisterhood, Isaac, Hector","Unlocks Forgemaster class (dark craft: build units from fallen enemies at corruption cost), night-creature forging, moving castle siege unit, Carmilla war-economy tech",1
"Campaign 1.3 — ""The Corridor Pilgrim"" (Season 3, 2020)",Castlevania,"1477–1478 Lindenfeld, Styria (Cycle 1)",Canon,"Trevor Belmont, Sypha Belnades, Alucard, Saint Germain","Carmilla's empire-in-waiting, The Judge, Taka, Sumi","Unlocks Corridor travel (fast-travel and save system), Betrayal event class (bonds broken yield enemy AI with party move-sets), Infinite Corridor mapping, alchemical resurrection research",1
"Campaign 1.4 — ""The Rebis Gambit"" (Season 4, 2021)",Castlevania,1491 Targoviste (Cycle 1),Canon,"Trevor Belmont, Sypha Belnades, Alucard, Isaac","Death (Varney), vampire remnants","Ends Cycle 1, closes Forgemaster branch, opens Belmont Diaspora, introduces Rebis ritual, true resurrection of Dracula/Lisa",1
"Campaign 2.1 — ""The Red Messiah"" (Season 1, 2023)",Castlevania: Nocturne,1792 France (Cycle 2),Canon,Richter Belmont,"Erzsebet Báthory, Drolta Tzuentes, Olrox, Abbot Emmanuel","Unlocks Channeler class (ancestral-spirit borrowing), Familiar system, ancestral communion, beast/fay contracts, night-creature industrial forge, solar eclipse ritual",1
"Campaign 2.2 — ""The Blood of the Sun"" (Season 2, 2025)",Castlevania: Nocturne,1792–1793 France (Cycle 2),Canon,"Richter Belmont, Annette, Juste Belmont, Alucard","Báthory-as-Sekhmet, Drolta Tzuentes, Olrox, Emmanuel's dragon","Ends Cycle 2, unlocks Diaspora migration event, unbound Morning Star, spirit-world journeying (Duat), consensual possession interface, revolutionary mass combat",1
"Campaign 3.1 — ""The Boy in the Ice"" (Book One: Water, 2005)",Avatar: The Last Airbender,100 AG (Cycle 3),Canon,Aang,"Prince Zuko, Admiral Zhao, Fire Lord Ozai","Unlocks bending classes for four elements, skill tree of the self-taught, waterbending scroll, spirit oasis access, Yue's moon-bond oath mechanics",1
"Campaign 3.2 — ""The Earth Kingdom's Metal"" (Book Two: Earth, 2006)",Avatar: The Last Airbender,100 AG (Cycle 3),Canon,"Aang, Toph Beifong (co-lead)","Long Feng, Dai Li, Princess Azula","Unlocks seismic sense (perceive-through-ground class skill), Library faction, metalbending sub-style, Wan Shi Tong's library access",1
"Campaign 3.3 — ""The Comet's Crown"" (Book Three: Fire, 2007–08)",Avatar: The Last Airbender,100 AG (Cycle 3),Canon,Aang,"Fire Lord Ozai, Princess Azula","Ends Cycle 3 war, unlocks energybending capstone (power removal instead of execution), mastered Avatar State, Sozin's Comet environmental firebending buffs",1
"Campaign 4.1 — ""The Air Republic"" (Book One: Air, 2012)",The Legend of Korra,170 AG (Cycle 4),Canon,Korra,"Amon, Equalists, Tarrlok","Unlocks Anti-bender class, craft-patron system, chi-blocking pressure-point suppression, mecha-tanks/biplanes, pro-bending combat analytics",1
"Campaign 4.2 — ""The Harmonic Return"" (Book Two: Spirits, 2013)",The Legend of Korra,170 AG (Cycle 4),Canon,"Korra, Jinora","Unalaq, Vaatu","Ends Cycle 2.5 dormancy rules, unlocks spirit-bending, spirit portal network fast travel, Wan flashback prologue",1
"Campaign 4.3 — ""The New Air"" (Book Three: Change, 2014)",The Legend of Korra,170 AG (Cycle 4),Canon,Korra,"Zaheer, Red Lotus","Unlocks flight aerial class, red lotus doctrine ideology buffs, mass awakening mechanics, combustion-bending spirit detonators",1
"Campaign 4.4 — ""The Spirit Industry"" (Book Four: Balance, 2014)",The Legend of Korra,170 AG (Cycle 4),Canon,Korra,Kuvira,"Ends Cycle 4, spirit-vine weaponization, Colossus spirit cannon suit, Republic City stabilized portal infrastructure",1
"Campaign 5.1 — ""The Land of Waves"" (Naruto S1, 2002–03)",Naruto,Shinobi calendar (Cycle 5),Canon,Naruto Uzumaki,"Zabuza Momochi, Haku","Unlocks genin party frame, mission-rank economy (D→S contracts), Academy Three jutsu, shadow clone mass-cast, Haku ice-mirror kekkei genkai",1
"Campaign 5.2 — ""The Chunin Exams"" (Naruto S1–S2, 2003)",Naruto,Shinobi calendar (Cycle 5),Canon,"Naruto Uzumaki, Sasuke Uchiha, Sakura Haruno","Orochimaru, Sound genin","Unlocks bloodline feats (dōjutsu, kekkei genkai), cursed-seal corruption track, Cursed Seal of Heaven, summoning contracts, Sharingan copy-function",1
"Campaign 5.3 — ""The Konoha Crush"" (Naruto S2, 2003)",Naruto,Shinobi calendar (Cycle 5),Canon,"Naruto Uzumaki, Hiruzen Sarutobi / Konoha village","Orochimaru, Sand Village hardliners","Unlocks Sealing branch (fuinjutsu), deployed reanimation jutsu (paper-tag meat puppets)",1
"Campaign 5.4 — ""The Search for Tsunade"" (Naruto S3, 2003–04)",Naruto,Shinobi calendar (Cycle 5),Canon,Naruto Uzumaki,"Itachi Uchiha, Kisame Hoshigaki, Orochimaru","Unlocks chakra-shape skill tree, medic class, Rasengan technique, systematized medical ninjutsu",1
"Campaign 5.5 — ""The Retrieval of the Fallen Brother"" (Naruto S4–S5, 2004–05)",Naruto,Shinobi calendar (Cycle 5),Canon,Naruto Uzumaki,"Sound Four, Sasuke Uchiha","Unlocks tactical command layer (shadow-bind squad buffs), Sound Four stage-2 cursed seals, Yamanaka Mind-Body spirit possession, soldier pills",1
"5.F1 ""The Snow That Rejected War"" (Ninja Clash in the Land of Snow, 2004)",Naruto,Shinobi calendar (Cycle 5),Corridor Pocket,Team 7,Doto Kazahana,Unlocks Chakra armor (anti-energy chakra-eating tech),1
"5.F2 ""The Stone of Gelel"" (Legend of the Stone of Gelel, 2005)",Naruto,Shinobi calendar (Cycle 5),Corridor Pocket,"Naruto Uzumaki, Gaara",Haido,Unlocks Gelel ore (self-regenerating sun-metal),1
"5.F3 ""The Crescent Route"" (Guardians of the Crescent Moon Kingdom, 2006)",Naruto,Shinobi calendar (Cycle 5),Corridor Pocket,"Team 7, Kakashi Hatake","Ishidate, Minister's coup",Unlocks Cursed ninja techniques (flesh-petrification on contact),1
"Campaign 5.6 — ""Kazekage's Shadow"" (Shippuden S1–S2, 2007–08)",Naruto,"Shinobi calendar, 2.5 years post-Part I (Cycle 5)",Canon,"Naruto Uzumaki, Sakura Haruno","Deidara, Sasori","Unlocks Akatsuki-tier enemies, extraction fail-state, Bijuu extraction ritual, human-puppet master-tier craft, resurrection-by-vow",1
"Campaign 5.7 — ""The Immortal Cult"" (Shippuden S3–S4, 2008–09)",Naruto,Shinobi calendar (Cycle 5),Canon,"Shikamaru Nara's squad, Kakashi Hatake's squad","Hidan, Kakuzu","Unlocks squad-formation doctrine, cult faction (immortality for ritual debt), Jashinism contract mechanics, multi-vessel heart-hoarding",1
"Campaign 5.8 — ""The Brother's Truth"" (Shippuden S5–S8, 2009–10)",Naruto,Shinobi calendar (Cycle 5),Canon,Sasuke Uchiha,"Itachi Uchiha, Tobi/Obito Uchiha","Unlocks Mangekyō Sharingan suite (Amaterasu, Susanoo, Tsukuyomi), jinchūriki mastery tiers, Kirin weatherbending",1
"Campaign 5.9 — ""The Pain of the Messenger"" (Shippuden S8–S10, 2010)",Naruto,Shinobi calendar (Cycle 5),Canon,Naruto Uzumaki,Pain / Nagato,"Unlocks senjutsu discipline (requires stillness resource), village-reputation synchronization buff, Sage Mode, Six Paths shared-vision system",1
"Campaign 5.10 — ""The Five-Kage Cage"" (Shippuden S10–S11, 2010–11)",Naruto,Shinobi calendar (Cycle 5),Canon,"Naruto Uzumaki, Sasuke Uchiha","Danzo Shimura, Tobi/Obito Uchiha","Unlocks Kage-tier factions, war economy lock, Izanagi reality-rewrite skill",1
"Campaign 5.11 — ""The Fourth War"" (Shippuden S12–S21, 2011–16)",Naruto,Shinobi calendar (Cycle 5),Canon,"Naruto Uzumaki, Sasuke Uchiha, Allied Shinobi Forces","Obito Uchiha, Madara Uchiha, Kaguya Ōtsutsuki, Black Zetsu","Ends Cycle 5, decentralizes power, introduces war-scale reanimation, army bijuu-cloak distribution, Infinite Tsukuyomi disaster state, Six Paths powers, dimension-hopping",1
"5.F4 ""The Priestess and the Demon"" (Shippuden the Movie, 2007)",Naruto,Shinobi calendar (Cycle 5),Corridor Pocket,"Naruto Uzumaki, Team 7","Mōryō, Yomi's cult",Unlocks Priestess-line prophecy (future-sight bloodline),1
"5.F5 ""The Sky Ruins"" (Bonds, 2008)",Naruto,Shinobi calendar (Cycle 5),Corridor Pocket,"Naruto Uzumaki, Hinata Hyuga, Amaru","Hiruko, Sky Ninjas",Unlocks Chimera jutsu (flesh-fusion grafting),1
"5.F6 ""The Will of Fire"" (The Will of Fire, 2009)",Naruto,Shinobi calendar (Cycle 5),Corridor Pocket,Team Kakashi,Hiruko,Unlocks Bloodline theft at industrial scale,1
"5.F7 ""The Lost Tower"" (The Lost Tower, 2010)",Naruto,Shinobi calendar (Cycle 5),Corridor Pocket,"Naruto Uzumaki, Minato Namikaze",Mukade,Unlocks Ryūmyaku ley-line harnessing (city chakra grid craft),1
"5.F8 ""The Box of Bliss"" (Blood Prison, 2011)",Naruto,Shinobi calendar (Cycle 5),Corridor Pocket,Naruto Uzumaki,"Mui, Box of Ultimate Bliss (Satori)",Unlocks Wish-eater mechanics,1
"5.F9 ""The Road Home"" (Road to Ninja, 2012)",Naruto,Shinobi calendar (Cycle 5),Semi-canonical,"Naruto Uzumaki, Sakura Haruno","World's wish-logic, Tobi's genjutsu engine",Unlocks Alternate-timeline access (Corridor Pocket license),1
"5.F10 ""The Moon's Last Light"" (The Last, 2014)",Naruto,Shinobi calendar (Cycle 5),Canon epilogue,"Naruto Uzumaki, Hinata Hyuga, Sai, Shikamaru Nara, Sakura Haruno",Toneri Ōtsutsuki,Unlocks Tenseigan moon-branch dōjutsu,1
"5.F11 ""The Bolt Age"" (Boruto: Naruto the Movie, 2015)",Naruto,Shinobi calendar (Cycle 5.5),Optional preview,Boruto Uzumaki,Momoshiki Ōtsutsuki,Unlocks Scientific ninja tools (miniaturized chakra battery),1
"Campaign 6.1 — ""The Hunter's Rite"" (Hunter Exam Arc, 2011)",Hunter x Hunter,"Modern, unspecified year (Cycle 6)",Canon,Gon Freecss,"Hisoka Morow, Hunter Exam system (Satotz, Buhara, Menchi, Netero)","Unlocks four-skill base (Ten/Zetsu/Ren/Hatsu) and six-school class system, Nen awakening via baptism, Hunter license infrastructure, Zoldyck assassination craft",1
"Campaign 6.2 — ""The Tower of Debt"" (Heavens Arena Arc, 2011)",Hunter x Hunter,"Modern, unspecified year (Cycle 6)",Canon,"Gon Freecss, Killua Zoldyck","Heavens Arena floor economy, Hisoka Morow, Wing (gatekeeper)","Unlocks economy layer of nen (aura debt, floor contracts), Shingen-ryū kung-fu, Bungee Gum, Texture Surprise",1
"Campaign 6.3 — ""The Crimson Eyes' Ledger"" (Yorknew City Arc, 2011)",Hunter x Hunter,"Modern, September (Cycle 6)",Canon,Kurapika,Phantom Troupe (Chrollo Lucilfer),"Unlocks Condition system (vow multipliers) and Exorcist class, Scarlet Eyes rage-boost, Judgment Chain contract weapon, Chain Jail, Nen exorcism",1
"Campaign 6.4 — ""The Game of the Dead"" (Greed Island Arc, 2011–12)",Hunter x Hunter,"Modern, unspecified year (Cycle 6)",Canon,"Gon Freecss, Killua Zoldyck, Biscuit Kreuger","The Bombers (Genthru), game lethality","Unlocks Game Master rule-crafting build path, Greed Island pocket world spellcraft, Angel's Breath & Devil's Luck cards, advanced nen training (Ko, Shu, Ken, Ryu)",1
"Campaign 6.5 — ""The Chimera Feast"" (Chimera Ant Arc, 2013–14)",Hunter x Hunter,"Modern, unspecified year (Cycle 6)",Canon,"Extermination Committee, Gon Freecss, Killua Zoldyck","Chimera Ant Queen, Meruem, Royal Guard","Unlocks vow-class endgame builds, Pitou-scale raid bosses, post-mortem nen, Dr. Blythe bio-craft, Rose-class ordnance, Emperor Time lifespan vow",1
"Campaign 6.6 — ""The Election of the Chair"" (Election Arc, 2014)",Hunter x Hunter,"Modern, unspecified year (Cycle 6)",Canon,"Killua Zoldyck, Leorio Paladiknight","Association political rot, Illumi Zoldyck, Alluka/Nanika rule-engine","Unlocks Dark Continent expansion flag, Ai entity class, Nanika wish-engine, Illumi needle-puppets",1
"6.F1 ""The Stolen Eyes"" (Phantom Rouge, 2013)",Hunter x Hunter,"Modern, unspecified year (Cycle 6)",Corridor Pocket,"Gon Freecss, Killua Zoldyck, Kurapika, Leorio Paladiknight",Omokage,Unlocks Stolen-power mimicry (face-wearing skill theft),1
"6.F2 ""The Last Mission"" (The Last Mission, 2013)",Hunter x Hunter,"Modern, unspecified year (Cycle 6)",Corridor Pocket,"Gon Freecss, Killua Zoldyck, Isaac Netero",Jed,Unlocks On-type nen (dark-mode shadow aura),1
"Campaign 7.0 — ""The Vengeful Bride"" (Film: Jujutsu Kaisen 0, 2021)",Jujutsu Kaisen,1 year before Season 1 (Cycle 7),Canon prequel,Yuta Okkotsu,Suguru Geto,"Unlocks prequel party frame, special-grade power ceiling preview, Rika vengeful spirit, Cursed Speech, Cursed Spirit Manipulation",1
"Campaign 7.1 — ""The Finger of the First"" (Season 1, 2020–21)",Jujutsu Kaisen,Modern Japan (Cycle 7),Canon,Yuji Itadori,"Ryomen Sukuna, Mahito, Jogo, Hanami, Kenjaku","Unlocks domain expansion endgame branch, Sukuna vessel-meter %, Divergent Fist, Black Flash, finger consumption mechanics, Playful Cloud weapon, Malevolent Shrine open-air domain preview",1
"Campaign 7.2 — ""The Hidden Inventory"" (Season 2, part 1, 2023)",Jujutsu Kaisen,2006 Tokyo (Cycle 7),Canon,"Gojo Satoru, Geto Suguru",Toji Fushiguro,"Unlocks Heian-era lore, vessel-protection escort mission class, Limitless + Six Eyes synergy awakening (Hollow Purple), Inverted Spear of Heaven technique nullification",1
"Campaign 7.3 — ""The Shibuya Lockdown"" (Season 2, part 2, 2023)",Jujutsu Kaisen,"2023, October 31 (Cycle 7)",Canon,Combined Jujutsu Forces,"Kenjaku, Mahito, Jogo, Choso","Unlocks colony-lockdown scenario rules, sealed-Gojo world-state, mass Domain Expansion, Prison Realm sub-dimension seal, Mahito Idle Transfiguration, Choso blood manipulation",1
"Campaign 7.4 — ""The Culling Game"" (Season 3, 2026)",Jujutsu Kaisen,"Modern Japan, post-Shibuya (Cycle 7)",Canon,"Yuji Itadori, Megumi Fushiguro, Yuta Okkotsu, Maki Zenin, Kinji Hakari","Kenjaku's Game, Hajime Kashimo, Takako Uro, Ryu Ishigori, Ryomen Sukuna","Unlocks rules-lawyer national-scale playstyle, Game Engine binding-vow rule addition, colony domain tiles, Yuta copy-technique, Hakari private-rules domain, Merger endgame node",1
"7.F1 ""Execution"" (Jujutsu Kaisen: Execution, 2025)",Jujutsu Kaisen,Modern Japan (Cycle 7),Canon framing,Jujutsu High sorcerers,Shibuya & Culling Game curses,Recap node / Jujutsu Association official record of Shibuya,1
DS01 Season 1 Unwavering Resolve,Demon Slayer,1000–1002,Canon,Tanjiro and Nezuko,"Hand Demon, Susamaru, Yahaba, Kyogai, Rui and the spider family; Muzan","B1 and M1 open through survival training and forging. Separate Water Breathing’s sword technique from literal water manipulation. Kyogai teaches rotating rooms; Rui teaches line hazards, restraint, and rescue. Tamayo opens B2 research through evidence collection. Win conditions include protecting a vulnerable companion and escaping an over-tier opponent, not only killing everything.",2
DS02 Mugen Train film and television arc,Demon Slayer,late 1002,Canon / Adaptation,"Tanjiro, Nezuko, Zenitsu, Inosuke and Rengoku",Enmu; Akaza,"sleep intrusion, dream anchors and a moving civilian-protection map. One member breaks the dream while others defend bodies. Rengoku provides an escort-ace mission rather than a permanent free carry. Akaza introduces survival against a regenerative duelist.",2
DS03 Season 2 Entertainment District,Demon Slayer,late 1002,Canon,"Tanjiro’s trio, Nezuko, Tengen, Hinatsuru, Makio and Suma",Daki and Gyutaro,"paired-boss suppression, poison triage, reconnaissance, and timed ally assists. Requires both targets suppressed within a short window. Tengen’s battlefield reading becomes a learned rhythm counter. Nezuko’s escalation introduces bond stability. Finishing advances B2 and synchronized orders.",2
DS04 Season 3 Swordsmith Village,Demon Slayer,1003,Canon,"Tanjiro, Nezuko, Muichiro, Mitsuri, Genya, Kotetsu and Haganezuka",Gyokko and Hantengu’s manifestations,"defend production facilities, identify the real target among linked manifestations, and preserve craftsmen under pressure. Demon Slayer Marks become B3 overdrive prototypes with an explicit strain budget.",2
DS05 Season 4 Hashira Training,Demon Slayer,1003,Canon,"Tanjiro, the surviving Hashira, Genya, Zenitsu, Inosuke, Ubuyashiki, Tamayo and Yushiro",Muzan’s approach and Nakime’s surveillance network,"a camp chapter with rotating instructors, injury rehabilitation, scouting defense, and readiness thresholds. Each Hashira improves a different capability. Ubuyashiki’s operation opens a costly strategic ambush, while Tamayo contributes prepared countermeasures.",2
DS06 Infinity Castle first film,Demon Slayer,1003,Canon,"Tanjiro and Giyu, Zenitsu, Shinobu and Kanao","Akaza, Kaigaku and Doma; Nakime","split-party scheduling, interrupted reinforcements, adaptive duelists, and the difference between physical survival and psychological surrender. Akaza’s encounter rewards reading intent and coordinating openings.",2
DS07 Remaining trilogy and finale reserve,Demon Slayer,1003,Manga Reserve,"Kanao, Inosuke, Gyomei, Sanemi, Muichiro, Genya, Obanai, Mitsuri, Tamayo and surviving hunters","Doma, Kokushibo, Nakime and Muzan","store remaining Upper Rank encounters, fortress disruption, and dawn survival as separate modules. Final Muzan operation combines drug preparation, containment, attrition and environmental timing. Reward is public knowledge of progenitor vulnerabilities.",2
CV01 Castlevania season 1,Castlevania,1400,Canon / Adaptation,"Trevor Belmont, Sypha Belnades and Alucard","Dracula’s campaign, night creatures, and the Bishop’s persecution","M2 relic handling and E1 external elemental magic appear beside an ordinary human hunter. Trevor reads creature anatomy, Sypha changes terrain, and Alucard is a restricted hybrid ace. Gresit becomes a defense-and-recruitment operation.",2
CV02 Castlevania season 2,Castlevania,1400,Canon / Adaptation,"Trevor, Sypha and Alucard; Hector and Isaac",Dracula and his war apparatus; Carmilla and Godbrand,archive recovery in the Belmont hold unlocks research recipes rather than raw levels. Dracula’s castle is a mobile strategic asset with access and control objectives. S1 soul-body research becomes visible through forging.,2
CV03 Castlevania season 3,Castlevania,1401,Canon / Adaptation,"Trevor, Sypha, Saint Germain, Alucard and Isaac","the Lindenfeld cult and Sala, exploitative local authority, Styria’s vampire regime, Sumi and Taka","portals, cult investigation, distributed party stories and coercive contracts. The Infinite Corridor is a dangerous transit phenomenon. Hector’s predicament distinguishes imposed control from negotiated bonds. Isaac’s route opens creature leadership.",2
CV04 Castlevania season 4,Castlevania,1401,Canon / Adaptation,"Trevor, Sypha, Alucard, Greta, Isaac, Hector and Saint Germain","Death disguised as Varney, Ratko, resurrection conspirators, and Carmilla","settlement evacuation, siege defense and failed composite-vessel engineering. Rebis research is restricted S1 evidence. Death functions as a localized supernatural predator with a defeat condition.",2
NC01 Nocturne season 1,Castlevania (Nocturne),1716,Canon / Adaptation,"Richter, Maria, Annette, Edouard, Tera, Juste, Olrox and Mizrak","Erzsebet Báthory, Drolta, the Abbot’s forging operation, vampire aristocratic power","inherited relics meet firearms, rebellion and ancestral magic. Richter’s trauma gates reliable casting; Juste provides recovery instruction. Maria uses a bounded familiar roster. Annette unlocks S2. Edouard demonstrates retained personhood.",2
NC02 Nocturne season 2,Castlevania (Nocturne),1716,Canon / Adaptation,"Richter, Annette, Alucard, Maria, Juste, Tera, Edouard, Olrox and Mizrak",Erzsebet’s pursuit of Sekhmet’s power and Drolta’s renewed threat,parallel physical and spiritual objectives. Annette’s communion provides information for field attacks. Edouard enables a night-creature liberation route. S3 is foreshadowed through vessel interactions.,2
AV00 Wan and the ancient foundation,Avatar,about 1971,Canon / Archive,Wan and Raava,Vaatu and human-spirit conflict,a short historical scenario explains S3 and the Avatar’s unique elemental access. Preserves distinction between lion turtles granting elemental power and learning from original bending masters.,2
AV01 ATLA Book 1 Water,Avatar,11900,Canon,"Aang, Katara, Sokka, Appa, Momo, Suki, Jet, Bumi, Pakku and Yue",Zuko and Zhao,"E1 training, elemental terrain, mounted travel, village assistance and spirit-sensitive objectives. At the Northern siege, attacking the spirit anchor can destabilize the map. Sokka commands traps and timing. Avatar State appears as a volatile story capability.",2
AV02 ATLA Book 2 Earth,Avatar,11900,Canon,"Team Avatar, Toph, Suki, Jet, Guru Pathik, Zuko and Iroh","Azula, Mai, Ty Lee, Long Feng and the Dai Li","E2 terrain control, seismic perception, counter-capture, political infiltration and scarce travel resources. Toph introduces metalbending as a specialized discovery. Appa’s loss forces an alternate logistics route.",2
AV03 ATLA Book 3 Fire,Avatar,11900,Canon,"Team Avatar, Zuko, Iroh, Suki, Hakoda, Piandao, the White Lotus and the Sun Warriors","Ozai, Azula and the Fire Nation war machine; Hama","eclipse timing, infiltration, prison extraction, lightning redirection and a multi-front finale. Sokka’s command and engineering route operates independently. Energybending is a unique story resolution. Bloodbending receives constraints. Sozin’s Comet alters the battlefield scenario.",2
AV04 Avatar Aang feature film,Avatar,about 11915,Canon,"adult Aang, Katara, Sokka, Toph and Zuko; Avatar Sonam, Avatar Xian, Kallik",Tagah,"an Air Nomad heritage expedition tests preservation, trust and competing uses of the same element. Tagah supplies confrontational airbending; Aang supplies restraint and rescue. Past-Avatar appearances provide bounded archive encounters.",2
KO01 Korra Book 1 Air,Avatar (Korra),11970,Canon,"Korra, Mako, Bolin, Asami, Tenzin, Lin and the airbending family","Amon, Tarrlok, the Lieutenant and Hiroshi’s Equalist support","E3 civilization systems, pro-bending positioning, chi-blocking and electrified tools. Tests equality of tactical agency: Asami’s engineering bypasses obstacles benders cannot solve by force. Police trust, public sentiment and civilian casualties influence mission access.",2
KO02 Korra Book 2 Spirits,Avatar (Korra),11971,Canon,"Korra, Jinora, Tenzin, Bumi, Kya, Mako, Bolin, Asami, Tonraq and Water Tribe family",Unalaq and Vaatu; Varrick,"S2 and S3 deepen through spirit travel, purification and harmonic conditions. Unalaq’s fusion is a comparison case. Korra’s severed past-life connection removes an archive interface while preserving continuing Avatar capability. Portals become persistent geopolitical sites.",2
KO03 Korra Book 3 Change,Avatar (Korra),11971,Canon,"Korra, Tenzin, Jinora, Kai, Lin, Suyin, Team Avatar and new airbenders","Zaheer, Ghazan, Ming-Hua and P’Li; Earth Queen","mobile specialist bosses with strong dependencies: combustion lines, lava denial, water-arm reach and aerial movement. Air Nation rescue objectives make noncombatants matter. Poison and trauma persist after final encounter.",2
KO04 Korra Book 4 Balance,Avatar (Korra),11974,Canon,"Korra, Asami, Mako, Bolin, Tenzin, Jinora, Lin, Suyin, Opal, Varrick, Zhu Li",Kuvira and the Earth Empire; Baatar Jr.,"rehabilitation, occupation logistics, rail control, mechanized squads and a spirit-energy superweapon scenario. Armored platform is a multi-system raid asset. Korra’s recovery opens alternative approaches before restoring old capability.",2
The Last Airbender 2010 live-action film,Avatar,11900,Apocrypha / Alternate,"Aang, Katara, Sokka","Zuko, Zhao and Iroh",variant scenario with no second water-age unlock.,2
NA01 Season 1 Academy through the Forest of Death,Naruto,13300,Canon,"Naruto, Sasuke, Sakura, Kakashi, Iruka, Haku, Zabuza, Team 8, Team 10, Team Guy, Gaara","Mizuki, Gato’s operation, Zabuza, Orochimaru","C1 circulation, elementary deception, tree climbing and mission classification. The Wave mission teaches client protection under misleading intel. Orochimaru’s curse mark offers hazardous acceleration with faction consequences. Sakura supplies observation and technique literacy.",2
NA02 Season 2 Exams and the village invasion,Naruto,13300,Canon,"Naruto, Sasuke, Sakura, Lee, Neji, Hinata, Shikamaru, Jiraiya, Hiruzen, village teams","Orochimaru, Kabuto, Sound contingent, Gaara, Itachi, Kisame",public tournament information becomes invasion intelligence. C2 summoning contracts and sealing risks appear. Lee’s Gates exemplify B3 body costs. Neji introduces precision network disruption; Shikamaru teaches objective victory without force. Hiruzen’s sacrifice is a leadership/archive-loss event.,2
NA03 Season 3 The Sannin and Sasuke retrieval,Naruto,13300–13301,Canon,"Naruto, Jiraiya, Tsunade, Shizune, Sasuke, Sakura, Shikamaru, Choji, Neji, Kiba, Akamaru, Lee, Sand siblings","Orochimaru, Kabuto, Sound Four, Kimimaro","medical expertise, rotational energy control, pursuit logistics and sequential duels. Specialist allies counter specific obstacles. Player allocates rescue capacity as team separates. Tsunade establishes a reliable hospital institution.",2
NA04 Season 4 Separation and regional missions,Naruto,13301,Canon / Anime-Original,"Sakura, Jiraiya, Shino, Hinata, Kiba, Lee, Tenten, Neji","Sasuke; Mizuki, Kamizuru clan, Raiga, regional threats","failure to retrieve companion is a persistent campaign branch. Regional missions develop tracking, insect reconnaissance, escort routes and rare-material sourcing. Optional anime-original material becomes provincial content with its own tag.",2
NA05 Season 5 Frontier service and departure,Naruto,13301,Canon / Anime-Original,"Naruto, Leaf teams, Sumaru, Natsuhi, Yakumo, Kurenai, Gaara, Sand siblings","Akahoshi, Kurama-clan illusion crisis, Menma’s associated bandit conflict, Four Celestial Symbols Men","unsafe training artefacts, illusion diagnosis, identity investigation, and allied-village assistance. Star training warns about exposure and institutional neglect. Departure locks a training interval.",2
SH01 Season 1 Kazekage Rescue,Naruto (Shippuden),13303,Canon,"Naruto, Sakura, Kakashi, Chiyo, Gaara, Kankuro, Team Guy",Sasori and Deidara,"antidote preparation, puppet bodies, host extraction and rescue deadlines. Sakura and Chiyo demonstrate that technical support determines boss outcomes. Sasori contributes forbidden body-interface research.",2
SH02 Season 2 Tenchi Bridge,Naruto (Shippuden),13303,Canon,"Naruto, Sakura, Sai, Yamato; Sasuke (objective)","Orochimaru, Kabuto, Danzo","covert infiltration, trust-sensitive orders and host instability. Yamato contributes temporary suppression and terrain control. Sai’s constructs use shared summon capacity. Reunion tests extraction versus pursuit.",2
SH03 Season 3 Twelve Guardian Ninja,Naruto (Shippuden),13303,Anime-Original,"Naruto, Asuma, Yamato, Kakashi, Sakura, Sai, Sora",Furido and collaborators,wind-nature training and residual-energy imitation. Sora is a case study in hazardous augmentation. Temple defense links relic institutions to chakra infrastructure. Recover ritual manuals for C2.,2
SH04 Season 4 Akatsuki Suppression,Naruto (Shippuden),13303,Canon,"Asuma, Shikamaru, Ino, Choji, Kakashi, Naruto",Hidan and Kakuzu,"investigate conditional immortality, interrupt ritual geometry, isolate linked body systems. Shikamaru’s preparation models defeating stronger enemies through rules and terrain. Naruto’s new technique carries self-damage consequences.",2
SH05 Season 5 Three Tails,Naruto (Shippuden),13303,Anime-Original,"Naruto, Kakashi, Yamato, Sakura, Shizune, Guren, Yukimaru","competing capture teams, Kabuto, Three-Tails",multi-party containment and a nonhuman target with its own behavior. Guren’s crystal techniques become hard-light-like terrain. Sealing attempts need uninterrupted stations.,2
SH06 Season 6 Pursuit and the brothers,Naruto (Shippuden),13303–13304,Canon,"Sasuke, Suigetsu, Karin, Jugo, Itachi, Naruto, Jiraiya","Orochimaru, Deidara, Pain, Obito","independent faction squads, scouting intel surviving fallen mentors, costly ocular techniques. Jiraiya’s reconnaissance succeeds strategically despite tactical defeat. Sasuke’s route unlocks specialized team composition.",2
SH07 Season 7 Six Tails,Naruto (Shippuden),13304,Anime-Original,"Utakata, Hotaru, Naruto, Sakura, Sai, Yamato",Shiranami and Pain,"protection of a human vessel, mentor refusal, and a technique whose strategic value makes its bearer a target. Utakata supplies evasive field control and a sympathetic host perspective.",2
SH08 Season 8 Pain Assault,Naruto (Shippuden),13304,Canon,"Naruto, toad mentors, Tsunade, Kakashi, Hinata, Leaf defenders, Nagato, Konan",Pain’s Six Paths,"Sage training, shared-vision enemies, cooldown inference, evacuation and city reconstruction. Identify support nodes before attacking network. Dialogue victory affects faction settlement.",2
SH09 Season 9 Past Arc,Naruto (Shippuden),13304 (Discovery),Anime-Original / Archive,"Iruka, Kakashi, Team 7, Leaf residents",earlier mission threats and social failures,"archive chapters restore lost relationships, mentor context and provincial knowledge. Rewards are dossier evidence, training discounts and alternate tactics. Historical equipment stays inside scenario.",2
SH10 Season 10 Five Kage Summit,Naruto (Shippuden),13304,Canon,"Naruto, Sasuke, Sakura, Kakashi, Gaara, Killer B, Kage delegations","Danzo, Obito, Sasuke","summit security, jurisdiction, reputation and escalation. Danzo’s stored resources require visible consumption rules. Team legality becomes institutional: powerful recruits may be politically unusable.",2
SH11 Season 11 Voyage,Naruto (Shippuden),13304,Anime-Original,"Naruto, Yamato, Guy, escort group",maritime hazards and local episodic adversaries,"transport endurance, supplies, fatigue, rescue and encounter scouting. Used for warband management. Ship repair, food, weather and morale determine readiness.",2
SH12 Season 12 Host training and opening war,Naruto (Shippuden),13304,Canon,"Naruto, Killer B, Kushina (memory), Guy, Kakashi, Allied Shinobi Forces","Kisame, Kabuto’s reanimated forces, Obito’s army","C3 host cooperation research, identity screening, communications and logistics. Reanimated enemies are neutralized through sealing or control disruption rather than HP depletion.",2
SH13 Season 13 War and Power,Naruto (Shippuden),13304,Canon / Anime-Original,"Naruto, Killer B, Itachi, Nagato, Allied divisions, Team Kakashi",reanimated combatants and Kabuto’s experiments,"control-source removal, forged identities and investigative missions between fronts. Itachi demonstrates enemy bodies becoming allies without capture. Power contributes a research incident and rescue mission.",2
SH14 Season 14 Reinforcement battles,Naruto (Shippuden),13304,Canon / Anime-Original,"Naruto, Gaara, Kage, division commanders, specialists",reanimated Kage and historical fighters,archaeological counterplay becomes practical warfare. Revived veterans expose old doctrines with readable limitations. Route specialist support to endangered fronts.,2
SH15 Season 15 Madara and the war coalition,Naruto (Shippuden),13304,Canon,"Naruto, Killer B, Five Kage, Kakashi, Guy, Itachi, Sasuke","Madara, Obito, Kabuto, Ten-Tails","over-tier enemies require coalition objectives, terrain and timed intervention. Susanoo-like avatars consume large deployment budgets. Itachi and Sasuke attack the control mechanism.",2
SH16 Season 16 Kakashi ANBU,Naruto (Shippuden),13304 (Discovery),Anime-Original / Archive,"Kakashi, Yamato, Itachi, Minato, Hiruzen","institutional secrecy, Danzo’s programmes, Orochimaru","historical covert-operations dossier explains grafts, secrecy and loyalty conflicts. Records expose abuse or preserve medical results. Unlocks concern threat detection and research provenance.",2
SH17 Season 17 Ten Tails revival,Naruto (Shippuden),13304,Canon,"Naruto, Killer B, Kakashi, Guy, Allied Forces, Sasuke, revived Hokage","Obito, Madara, Ten-Tails","communications loss, command succession and mass casualty avoidance. Founder testimony reconnects modern institutions to violent origins. C3 sharing mechanics have range and recipient caps.",2
SH18 Season 18 United fronts,Naruto (Shippuden),13304,Canon,"reunited Team 7, Hokage, Kage, alliance","Ten-Tails Obito, Madara","coordinated roles at raid scale, barrier defense and temporary coalition links. Host separation and control disruption become victory conditions. Naruto and Sasuke combine complementary techniques.",2
SH19 Season 19 New Chunin Exams,Naruto (Shippuden),13304 (Discovery),Anime-Original / Archive,"Sakura, Ino, Choji, Neji, Lee, Tenten, Gaara, Fu",political sabotage and exam hazards,"historical side tournament develops characters outside lead pair. Bounded rules, scouting and rescue make lower-stat recruits relevant. Fu supplies host relationship and diplomacy route.",2
SH20 Season 20 Infinite Tsukuyomi and Itachi archive,Naruto (Shippuden),13304,Canon / Anime-Original,"Naruto, Sasuke, Sakura, Kakashi, Guy, alliance; Itachi, Shisui",Madara; dream control; institutional conflicts,"emergency medicine, lethal overdrive, dream-state detection and identity anchors. Dream episodes are sandbox trials with no duplicate real-world loot. Guy’s overdrive carries an exceptional cost.",2
SH21 Season 21 Origin revelations and final rivalry,Naruto (Shippuden),13304,Adaptation / Rewrite,"Team 7, Obito, Hagoromo, Hamura, Indra, Asura","Kaguya, Black Zetsu, Sasuke (ideological rival)","team extraction, dangerous inherited machinery, costly intervention, final Naruto–Sasuke dispute. Cosmic-origin combat layer is replaced with a sealed terrestrial First Lattice calamity under adaptation policy.",2
SH22 Season 22 Childhood and postwar stories,Naruto (Shippuden),13306 (Postwar),Canon / Novel Adaptation,"Naruto, Hinata, Sasuke, Sakura, Shikamaru, Kakashi, village ensemble","Chino, Fushin, Gengo","investigations, reconstruction, diplomacy and social bonds. Childhood episodes are archives; novel adaptations become postwar missions. Wedding material is a relationship/settlement milestone.",2
NM01 Ninja Clash in the Land of Snow,Naruto (Movie),13300–13301,Apocrypha / Anime-Original,"Team 7, Kakashi, Koyuki Kazahana",Doto Kazahana and Snow ninja,"escort a political figure, investigate armored chakra technology, restore regional facility. Snow equipment becomes climate-dependent M3 side branch.",2
NM02 Legend of the Stone of Gelel,Naruto (Movie),13301,Apocrypha / Anime-Original,"Naruto, Sakura, Shikamaru, Temujin, Gaara, Kankuro",Haido and transformed followers,"archaeological energy extraction, mobile infrastructure, transformed guardians. Gelel is a finite regional resource with political/biological costs.",2
NM03 Guardians of the Crescent Moon Kingdom,Naruto (Movie),13301,Apocrypha / Anime-Original,"Naruto, Sakura, Lee, Kakashi, Michiru, Hikaru","Shabadaba, Ishidate and mercenaries","escort, coup response, leadership growth. Protecting wealthy clients with poor judgment requires command decisions. Terrain control and petrification-like threats encourage reconnaissance.",2
NM04 Naruto Shippuden the Movie,Naruto (Movie),13303,Apocrypha / Anime-Original,"Naruto, Sakura, Lee, Neji, Shion","Moryo, Yomi and stone army",guard a ritual specialist against attacks on a predicted route. Prophecy becomes actionable but incomplete intel. Shion’s seal is a unique scenario capability.,2
NM05 Bonds,Naruto (Movie),13303,Apocrypha / Anime-Original,"Naruto, Sasuke, Sakura, Hinata, Amaru","Shinnō, Sky ninja, Zero-Tails apparatus","aerial assault, compromised healer, mobile fortress infiltration, emotion-fed machinery. Zero-Tails is treated as an artificial power system with supply chain vulnerabilities.",2
NM06 The Will of Fire,Naruto (Movie),13303–13304,Apocrypha / Anime-Original,"Naruto, Kakashi, Sakura, Leaf cohort",Hiruko and bloodline-absorption scheme,"threatened mentor becomes strategic lure. Weigh obedience, rescue and international escalation. Bloodline synthesis is a forbidden research branch with compatibility limits.",2
NM07 The Lost Tower,Naruto (Movie),13304,Apocrypha / Anime-Original,"Naruto, Yamato, Minato, Sara",Mukade (Anrokuzan) and puppet infrastructure,sealed time-displacement scenario in a ruined energy city. Uses local history flags with closed return conditions. Roran’s tower supplies partial engineering plans.,2
NM08 Blood Prison,Naruto (Movie),13304,Apocrypha / Anime-Original,"Naruto, Ryuzetsu, Killer B, Leaf allies","Mui’s prison apparatus, Box of Ultimate Bliss (Muku/Satori)","suppressed abilities, prison social networks, identity verification, containment failure. Escape tools and allies matter more than damage output.",2
NM09 Road to Ninja,Naruto (Movie),13304,Apocrypha / Anime-Original,"Naruto, Sakura, alternate Minato and Kushina, altered Leaf counterparts",Limited Tsukuyomi manipulation and Menma,identity anchors and distorted social assumptions. Alternate versions are scenario loadouts rather than permanent duplicate recruits. Improves illusion defenses and bond verification.,2
NM10 The Last Naruto the Movie,Naruto (Movie),13306,Canon / Adaptation,"Naruto, Hinata, Sakura, Sai, Shikamaru, Hanabi",Toneri Otsutsuki (recast as Moon Archive lineage),"rescue, relationship development, failing lunar infrastructure mission. Under adaptation rules, Toneri’s institution is recast as a Moon Archive lineage with bounded seal catastrophe.",2
NM11 Boruto Naruto the Movie,Naruto (Movie),Outside CE scope,Catalogue Record / Inactive,"Boruto, Sarada, Mitsuki, Naruto, Sasuke",Momoshiki and Kinshiki,disabled in core CE campaign due to scope rules. Registered as catalogue-only record.,2
HX01 Season block 1 Hunter Exam and Zoldyck estate,Hunter x Hunter,14004,Canon,"Gon, Killua, Kurapika, Leorio, Netero, examiners, Canary, Zoldyck household","Hisoka, Illumi, hostile candidates, Zoldyck family structure","tracking, endurance, negotiation, deceptive info and friendship-based extraction. License changes travel/institutional permissions before granting techniques. Non-damage roles shine.",2
HX02 Season block 2 Heavens Arena,Hunter x Hunter,14004,Canon,"Gon, Killua, Wing, Zushi",Hisoka and arena competitors,"N1 aura literacy introduces Ten, Zetsu, Ren, Hatsu and Gyo as distinct functions. Teaches resource concentration and opening defenses. Ranked matches reward scouting.",2
HX03 Season block 3 Yorknew City,Hunter x Hunter,14004,Canon,"Kurapika, Gon, Killua, Leorio, Melody, Nostrade bodyguards, Zepile","Chrollo and Phantom Troupe (Uvogin, Nobunaga, Pakunoda, Hisoka)","N2 personal restrictions, hostage exchanges, auction intel and conflicting contracts. Kurapika’s anti-Troupe condition must stay target-specific. Pakunoda shows high-cost info transfer.",2
HX04 Season block 4 Greed Island,Hunter x Hunter,14005,Canon,"Gon, Killua, Biscuit, Tsezguerra, Goreinu, Razor","Genthru, Sub, Bara","N2 training matures into N3 rule-bearing objects, cooperative sport and info markets. Cards specify ownership, range and activation limits. Razor teaches team action economy.",2
HX05 Season block 5 Chimera Ant,Hunter x Hunter,14005–14006,Canon,"Gon, Killua, Kite, Netero, Morel, Knov, Knuckle, Shoot, Palm, Ikalgo, Meleoron, Komugi","Queen, Meruem, Pitou, Pouf, Youpi, ant factions","ecological escalation, intelligence uncertainty and specialist coalition operations. Infiltration and simultaneous objectives. Gon’s transformation is a self-destructive contract.",2
HX06 Season block 6 Election and rescue,Hunter x Hunter,14006,Canon,"Killua, Alluka, Nanika, Leorio, Gon, Ging, Cheadle, Zodiacs, Pariston",Illumi’s pursuit and Pariston,"governance, care access, family coercion, extraordinary request rules. Nanika is a unique entity with relationship-dependent behavior. Hunter Association succession determines expedition permissions.",2
HM01 Phantom Rouge,Hunter x Hunter (Movie),14004–14005,Apocrypha / Anime-Original,"Gon, Killua, Kurapika, Leorio, Retz, Pairo (image)",Omokage and his puppets,"stolen perception, counterfeit persons, distinction between memory, soul and replica. Recover eyes and identify copies through evidence.",2
HM02 The Last Mission,Hunter x Hunter (Movie),14005,Apocrypha / Anime-Original,"Gon, Killua, Kurapika, Leorio, Netero, Zushi","Jed and Shadow fighters (Gaki, Shura, Rengoku)",tournament hostage crisis exposes buried institutional programme. On becomes optional hatred-linked contract tech with explicit debt/recovery rules. Crossover bridge to JCE.,2
JJ00 Season 2 Hidden Inventory and Premature Death,Jujutsu Kaisen,13995–13996,Canon,"young Gojo, Geto, Shoko, Riko Amanai, Misato Kuroi, Yuki Tsukumo, Nanami, Haibara","Toji Fushiguro, Star Religious Group, institutional failure","escort security, fatigue exploitation, physical specialist bypassing ordinary assumptions. Gojo’s awakening is character-specific. Geto’s ideological shift alters future faction structure.",2
JM01 Jujutsu Kaisen 0,Jujutsu Kaisen,14006,Canon,"Yuta, Rika, Maki, Toge, Panda, Gojo","Suguru Geto, Night Parade forces, Miguel","bond, projection, copied techniques, large-scale exorcism logistics. Rika’s release distinguishes soul from ability manifestations. Yuta is a restricted ace with major deployment cost.",2
JJ01 Season 1 Entry and vessel management,Jujutsu Kaisen,14007,Canon,"Yuji, Megumi, Nobara, Gojo, Nanami, Junpei, Todo, Maki, Toge, Panda, Kyoto students","Sukuna, Mahito, Jogo, Hanami, Eso, Kechizu, pseudo-Geto (Kenjaku)","J1 diagnostics, corpse investigation, shikigami limits, inter-school team battles. Jogo previews domains; Mahito introduces body-soul targeting. Todo’s position exchange creates tactical gameplay. Black Flash is conditional execution.",2
JJ02 Season 2 Present day and Shibuya,Jujutsu Kaisen,14007,Canon,"Yuji, Megumi, Nobara, Gojo, Nanami, Todo, Mei Mei, Ui Ui, Kusakabe, Ino, school teams","Kenjaku’s operation, Mahito, Jogo, Hanami, Dagon, Choso, Sukuna","J2 barriers, civilian density, communications loss, sealed aces, cascading fronts. Kusakabe supplies defensive specialization. Choso’s allegiance changes through evidence/relationships.",2
JJ03 Season 3 Culling Game Part 1,Jujutsu Kaisen,14007,Canon,"Yuji, Yuta, Megumi, Maki, Choso, Tengen, Yuki, Hakari, Kirara, Higuruma, Takaba","Naoya, Zenin clan, Kenjaku, Reggie’s group, Sendai opponents (Kurourushi, Uro, Ryu)","legal status, player registration, points and colony boundaries. Perfect Preparation supplies body-vs-institution branch. Higuruma’s legal domain differs from simple damage arenas.",2
JJ04 Season 4 Culling Game Part 2 reserve,Jujutsu Kaisen,14007,Manga Reserve,"Hakari, Kashimo, Maki, Angel",Kenjaku and incarnation contracts,"timed jackpot states, renewable bounded survivability, environmental counterplay, incarnation contracts, regional rules. Content marked inactive until screen release.",2
Season 1: Final Selection / Tsuzumi / Natagumo / Rehabilitation,Demon Slayer,Age I,MAIN,"Tanjiro, Nezuko, Zenitsu, Inosuke, Giyu, Shinobu, Kanao, Urokodaki, Sakonji","Hand Demon, Kyogai, Rui, Spider Family, Kaigaku, Muzan shadow, Tamayo/Yushiro as ambiguous allies","Forest trials, demon detection, breath forms, stamina management",3
Mugen Train,Demon Slayer,Age I,MAIN,"Rengoku, Tanjiro, Nezuko, Zenitsu, Inosuke","Enmu, Akaza, Muzan","Dream-train arena, flame sweeps, Upper Moon boss pressure",3
Entertainment District Arc,Demon Slayer,Age I,MAIN,"Tengen, Makio, Suma, Hinatsuru, Tanjiro team","Daki, Gyutaro, Nakime uh depending adaptation placement","Pleasure-quarter terrain, sound illusions, twin-boss coordination",3
Swordsmith Village Arc,Demon Slayer,Age I,MAIN,"Muichiro, Mitsuri, Genya, Tanjiro team","Hantengu, Gyokko, Zohakuten, cloned demon ecology","Village defense, decoy ecosystems, poison/jade hazards",3
Hashira Training Arc,Demon Slayer,Age I,MAIN,"Hashira roster, Tanjiro, Nezuko, Zenitsu, Inosuke","Muzan, Nakime, Upper Moon summons","Training buffs, mark awakening, pre-castle tension",3
To the Hashira Training,Demon Slayer,Age I,SIDE / COMPILATION,"Hashira, Tanjiro team",Muzan-side pressure,Recap / transition event,3
Infinity Castle Part 1 uh,Demon Slayer,Age I,MAIN / FUTURE,"All Hashira, Tanjiro, Nezuko, Tamayo, Yushiro","Akaza, Hantengu, Gyokko, Nakime, Upper Moons","Shifting castle, spatial maze, sunlight timer, boss rush",3
Infinity Castle Part 2 uh,Demon Slayer,Age I,MAIN / FUTURE,"Surviving Hashira, Tanjiro, Nezuko","Kokushibo, Doma, Muzan, transformed threats","High-level demon king war, sunlight countdown",3
Infinity Castle Part 3 uh,Demon Slayer,Age I,MAIN / FUTURE,Full remaining cast,"Muzan final form, demon ecology collapse","Final sunrise run, fossil decay, canon restoration",3
Castlevania S1,Castlevania,Age II,MAIN,"Trevor, Sypha, Alucard, Lisa memory, Saint Germain cameo uh","Dracula, Isaac, Hector, Bishop, night creatures","Castle infiltration, holy relics, speaker incantations, torch/terrain exploration",3
Castlevania S2,Castlevania,Age II,MAIN,"Alucard, Trevor, Sypha, Carmilla as ambiguous force","Carmilla, Stefan, vampire coven, Isaac/Hector pressure","Blood rituals, town siege, alchemical hazards, coven politics",3
Castlevania S3,Castlevania,Age II,MAIN,"Isaac, Hector, Alucard, Trevor, Sypha, Saint Germain","Isaac/Hector ideological fracture, God/black church, night creatures","Relic crafting, divine command, moral corruption, forge quests",3
Castlevania S4,Castlevania,Age II,MAIN,"Trevor, Sypha, Alucard, Saint Germain","Dracula, Death, Carmilla remnants, Isaac/Hector","Final castle, time/alchemy, death loop, boss gauntlet",3
Nocturne S1,Castlevania: Nocturne,Age II,MAIN / uh verify details,"Richter Belmont, Maria Renard, young allies, Belmont/Belnades remnants","Dracula cult, night sovereigns, spirit veil entities, bell-linked antagonists","Moon phase, bell puzzles, spirit leakage, mastery trials",3
Nocturne S2 uh,Castlevania: Nocturne,Age II,FUTURE / MAIN,"Richter, Maria, allied hunters, possible returning figures","Night cathedral powers, Dracula echo, spirit choir, cult leaders","Cathedral traversal, spirit negotiation, lunar domain",3
Nightfall / live-action short,Castlevania,Age II,SIDE,"Taka, side operatives","Night creatures, experimental bloodline threats",Short mission / asset pool,3
TLA Book 1: Water,Avatar,Age III,MAIN,"Aang, Katara, Sokka, Zuko, Iroh, Appa, Momo","Zhao, Fire Nation, Azula emerging, spirit obstacles","Water tribe terrain, spirit oasis, Sokka tactics, early bending",3
TLA Book 2: Earth,Avatar,Age III,MAIN,"Toph, Bumi, Aang, Katara, Sokka, Zuko","Azula, Long Feng, Dai Li, Kuei/Earth King corruption, Earth Nation threats","City terrain, metalbending, seismic sense, Ba Sing Se infiltration",3
TLA Book 3: Fire,Avatar,Age III,MAIN,"Aang, Zuko, Katara, Sokka, Iroh, Sozin-era resistance","Ozai, Azula, Sozin’s Comet, Fire Nation war machine","Comet field, lightning, Avatar State, solar/fire pressure",3
Korra Book 1: Air,Avatar,Age III,MAIN,"Korra, Tenzin, Asami, Mako, Bolin, Jinora","Amon, Tarrlok, Zaheer, Red Lotus, spirit vein instability","Pro-bending, urban spirit veins, airbending return, political corruption",3
Korra Book 2: Spirits,Avatar,Age III,MAIN,"Korra, Jinora, Ikk, Pema, Tenzin, Raava","Unalaq, Vaatu, corrupted spirits, Kuvira cameo","Spirit portal, Harmonic Convergence, fusion, dark Avatar",3
Korra Book 3: Change,Avatar,Age III,MAIN,"Korra, Asami, Varrick, Zhu Li, Kuvira as tragic antagonist","Kuvira, spirit energy cannon, Earth Empire, mecha forces","Rail logistics, spirit bombs, mecha battles, industrial bending",3
Korra Book 4: Balance,Avatar,Age III,FUTURE / UNPRODUCED uh,"Korra, Tenzin, Avatar spirits, Republic City","Post-Kuvira spirit imbalance, unknown threats",Placeholder expansion,3
Netflix Live-Action Book 1,Avatar,Age III,RETELL,"Aang, Katara, Sokka, Zuko","Fire Nation, Zhao, Azula",Parallel adaptation pool,3
Netflix Live-Action Book 2 uh,Avatar,Age III,FUTURE / RETELL,Expanded Fire Nation/Earth Kingdom cast,Fire Nation leadership,Parallel adaptation pool,3
Animated shorts / specials,Avatar,Age III,SIDE,Selected Avatar characters,Minor spirits/villains,"Side quests, tutorial dungeons",3
Land of Waves / Team 7 Formation,Naruto,Age IV,MAIN,"Naruto, Sasuke, Sakura, Kakashi, Iruka, Zabuza as ambiguous","Zabuza, Haku, Gato, rogue ninja ecology","Escort mission, mist terrain, chakra basics",3
Chunin Exams,Naruto,Age IV,MAIN,"Rock Lee, Neji, Tenten, Gaara, Guy, Hiruzen, Orochimaru as shadow","Orochimaru, Sound Four, Gaara, Baki, exam traps","Tournament structure, genjutsu, clan tools",3
Konoha Crush,Naruto,Age IV,MAIN,"Hiruzen, Jiraiya, Tsunade foreshadow, Guy, Asuma, Kurenai","Orochimaru, Sound Four, Gaara, Third Hokage death pressure","Village defense, summoning, barrier tactics",3
Search for Tsunade,Naruto,Age IV,MAIN,"Tsunade, Jiraiya, Naruto, Sakura, Orochimaru, Kabuto","Orochimaru, Kabuto, Manda, medical stakes","Medical ninjutsu, poison, summon contracts",3
Sasuke Recovery,Naruto,Age IV,MAIN,"Naruto, Sasuke, Sakura, Shikamaru, Choji, Kiba, Neji, Lee","Kimimaro, Sound Four, Orochimaru influence","Chase battle, curse mark corruption, squad logistics",3
Kazekage Rescue,Naruto,Age IV,MAIN,"Chiyo, Sakura, Kakashi, Naruto, Gaara, Ten Ten","Sasori, Deidara, Scarecrow, puppet ecology","Puppet traps, explosion clay, rescue raid",3
Itachi Pursuit / Tale of Jinchūriki,Naruto,Age IV,MAIN,"Naruto, Yamato, Sai, Kakashi, Itachi, Kisame, Sasuke","Itachi, Kisame, Orochimaru, Akatsuki pressure","Genjutsu, Susanoo reveal, tailed beast hunt",3
Pain Arc,Naruto,Age IV,MAIN,"Jiraiya, Naruto, Fukasaku, Konan, Pain Six Paths, village survivors","Pain, Konan, Madara/Tobi shadow, Rinnegan pressure","Village destruction, sage detection, six-path boss rush",3
Five Kage Summit,Naruto,Age IV,MAIN,"Sasuke, Danzo, Mifune, Kage, Tobi, Madara reveal","Danzo, Tobi, Zetsu, Kage politics, Edo foreshadow","Political battle royale, ocular jutsu, wood release",3
Fourth Great Ninja War,Naruto,Age IV,MAIN,"All villages, Naruto, Sasuke, Kage, bijuu, Edo counterparts","Obito, Madara, Kaguya, Black Zetsu, Edo army, Ten-Tails","Large-scale raids, combined jutsu, bijuu玉, sealing war",3
The Last,Naruto,Age IV,MAIN-ADJACENT,"Naruto, Hinata, Hanabi, Sasuke, Sakura, Sai","Toneri, Hanura/white zen analog, moon threat","Lunar tower, Byakugan/Tenseigan pressure",3
Boruto Film / Transition,Naruto,Age IV+,FUTURE / SIDE-MAIN uh,"Boruto, Sarada, Mitsuki, Naruto, Sasuke, Kawaki uh","Momoshiki, Kinshiki, Ōtsutsuki pressure, karma","Dimensional threat, scientific tools, next-gen squad",3
Ninja Clash in the Land of Snow,Naruto,Age IV,SIDE,"Naruto, Sasuke, Sakura, Kakashi, Yukie",Sekien / Doton-like chakra villain,"Escort mission, ice/snow terrain",3
Legend of the Stone of Gelel,Naruto,Age IV,SIDE,"Team 7, Gaara, Kankuro, Temari",Hilde / Gelel stone users,"Artifact capture, ancient civilization dungeon",3
Guardians of the Crescent Moon Kingdom,Naruto,Age IV,SIDE,"Team 7, Michiru, Tsukihade",Moon kingdom villains,"Relic escort, low-stakes tutorial raid",3
Shippuden Movie 1,Naruto,Age IV,SIDE,"Naruto, Shion, Sakura, Sai, Kakashi",Muke / four symbols threat,"Seal prophecy, ritual boss",3
Bonds,Naruto,Age IV,SIDE,"Naruto, Sasuke, Amari, Kakashi",Amari’s faction / chakra crystal warlord,"Crystal terrain, squad vs squad",3
The Will of Fire,Naruto,Age IV,SIDE,"Team 7, Kakashi, Hiruko","Hiruko, Third Eye, kekkei collectors",Bloodline theft mechanic,3
The Lost Tower,Naruto,Age IV,SIDE,"Naruto, Yamato, Sora, Mukade",Mukade / tower chakra entity,Time-distortion dungeon,3
Blood Prison,Naruto,Age IV,SIDE,"Naruto, Yakumo, prison inmates",Prison warden / framed tailed beast threat,"Escape raid, Kurama pressure",3
Road to Ninja,Naruto,Age IV,ALT / SIDE,"Alternate Naruto, Menma, Tohsuke, Team 7",Tobi / genjutsu architect,"Mirror-match arena, inverted stats",3
Hunter Exam,Hunter x Hunter,Age V,MAIN,"Gon, Killua, Kurapika, Leorio, Hisoka, Biscuit cameo uh, Hanzo","Hisoka, Hanzo, exam traps, Zoldyck pressure","Exam dungeons, aura sensing, survival trials",3
Zoldyck Family,Hunter x Hunter,Age V,MAIN,"Killua, Gon, Silva, Zeno, Alluka uh","Illumi, Kalluto, assassin tests","Tower trials, poison, family contracts",3
Heaven’s Arena,Hunter x Hunter,Age V,MAIN,"Gon, Killua, Kurapika, Leorio, Hisoka, Uvogin, Nobunaga, Feitan","Phantom Troupe lower/mid tier, Hisoka","Tower climb, aura output, Nen lessons",3
Yorknew City,Hunter x Hunter,Age V,MAIN,"Kurapika, Chrollo, Illumi, Hisoka, Troupe, Neon","Phantom Troupe, Chrollo, Hisoka, Illumi, auction house threats","Contract battles, chain jail, skill hunt, city infiltration",3
Greed Island,Hunter x Hunter,Age V,MAIN,"Gon, Killua, Biscuit, Knuckle, Melteu uh depending arc placement, Genthru","Genthru, Bombzara, Little, Hisoka, Illumi intrusion","Card dungeons, fixed games, nen beast precursors",3
Chimera Ant,Hunter x Hunter,Age V,MAIN,"Netero, Gungi, Palm, Kite, Gon, Killua, Ikalgo, Leol, Cheetu, Zazan, Halkenburg, Meruem, Royal Guards","Meruem, Neferpitou, Shaiapouf, Menthuthuyoupi, ant ecology","Territory war, aura enhancement, ego/nen beast mechanics",3
Election Arc,Hunter x Hunter,Age V,MAIN,"Beyond, Bungee, Pariston, Light, Ziggart, association figures","Political Nen threats, association corruption","Governance quests, license access, restricted zones",3
Dark Continent / Black Whale,Hunter x Hunter,Age V → Age VII,MAIN / FORBIDDEN bridge,"Beyond Netero, expedition crew, selected mains","Dark Continent organisms, Bungee’s secret, forbidden ecology","Illegal capture, unstable typing, squad strain",3
Phantom Rouge,Hunter x Hunter,Age V,SIDE,"Gon, Killua, Kurapika, Leorio, Hisoka, Sara","Sara / Phantom Rouge entity, crypt-like threat","Gem curse dungeon, aura corruption",3
The Last Mission,Hunter x Hunter,Age V,SIDE,"Gon, Killua, Kurapika, Leorio, Hisoka",Kasiot / ghost mission entity,"Mission-based arena, rule combat",3
Season 1: Introduction / Curse User / Kyoto Goodwill,Jujutsu Kaisen,Age VI,MAIN,"Yuji, Megumi, Nobara, Gojo, Nanami, Maki, Toge, Panda, Kusakabe uh","Sukuna, Mahito, Hanami, curse users, finger bearers","Urban curse zones, simple domain precursors, squad exorcism",3
Jujutsu Kaisen 0,Jujutsu Kaisen,Age VI,MAIN,"Yuta, Riko, Geto, Maki, Toge, Panda, Gojo","Geto, cursed corpses, curse spirits, Riko as catastrophic object","Cursed corpse bond, love/grief mechanics, school defense",3
Season 2: Hidden Inventory / Premature Death,Jujutsu Kaisen,Age VI,MAIN,"Young Gojo, young Geto, Yuta, Kusakabe, Mei Mei uh, Shoko","Toji Fushiguro, Star Religious Group, Kenjaku shadow, cursed tools","Past campaign, Six Eyes/Limitless training, inverted spear heaven",3
Season 2: Shibuya Incident,Jujutsu Kaisen,Age VI,MAIN,"Gojo, Nanami, Yuta, Megumi, Maki, Toge, Panda, Sukuna as chaotic force","Kenjaku/Geto, Jogo, Hanami, Mahito, Choso, Naoya, Sukuna, cursed spirits","Public disaster, domain clashes, sealing, urban collapse",3
Season 3: Culling Game uh,Jujutsu Kaisen,Age VI,MAIN / FUTURE,"Yuji, Sukuna, Hakari, Kashimo, Higuruma, Kim, Tsurugi, Maki, Yuta","Kenjaku, Hajishin, Culling Game rules, awakened users","Death-game rules, binding vow optimization, territory control",3
Shinjuku Showdown / High School War uh,Jujutsu Kaisen,Age VI,MAIN / FUTURE,"Gojo, Sukuna, Yuta, Megumi, Tengen, remaining sorcerers","Sukuna, Kenjaku, Tengen corruption, world reset threat","Apex domain war, shrine/ten shadows, reality maintenance",3
HxH Dark Continent expedition,Hunter x Hunter,Age VII,MAIN / FORBIDDEN,"Special expedition squads, temporary allies only","Rule organisms, unknown ecology, anti-canon entities","Illegal capture, unstable typing, squad strain",3
Original Canon Hunters forbidden archaeology,Dark Continent,Age VII,ORIGINAL / FORBIDDEN,Player-designed anchor units,"Muzan-echo fossils, Dracula-echo spirits, pre-canon fauna","Endgame raids, nonstandard rules",3
"Season 1, Unwavering Resolve",Demon Slayer,"1,000",Canon,"Tanjiro Kamado, Nezuko","Muzan; Rui, Lower Moon 5","Tutorial band: Breath forms, first Hashira, first permadeath scare",4
Mugen Train film,Demon Slayer,"1,000",Canon,"Tanjiro, Kyojuro Rengoku","Enmu, Lower Moon 1; Akaza, Upper Moon 3",First anchor-character death; the Akaza echo seed,4
Mugen Train TV re-edit,Demon Slayer,"1,000",Adaptation,same,same,Adds no new CE content,4
"Season 2, Entertainment District",Demon Slayer,"1,000",Canon,"Tanjiro, Tengen Uzui","Daki and Gyutaro, Upper Moon 6",Squad-of-three raid; scarring persists after the fight,4
To the Swordsmith Village film,Demon Slayer,"1,000",Adaptation,same,same,Recut of the season 2 finale plus the season 3 premiere; no new CE content,4
"Season 3, Swordsmith Village",Demon Slayer,"1,000",Canon,"Tanjiro, Mitsuri Kanroji, Muichiro Tokito","Hantengu, Upper Moon 4; Gyokko, Upper Moon 5",Mark awakening: Slayer Mark gives ATK and SPD up for a vital drain; sword upkeep as a Steel craft,4
To the Hashira Training film,Demon Slayer,"1,000",Adaptation,same,same,Recut of the season 3 finale plus the season 4 premiere; no new CE content,4
"Season 4, Hashira Training",Demon Slayer,"1,000",Canon,Tanjiro,"Muzan, striking at the Ubuyashiki house",The train action: Hashira as trainers that raise a base stat between battles,4
Infinity Castle Part 1 film,Demon Slayer,"1,000",Canon,"Tanjiro, Zenitsu, Inosuke, the Hashira","Muzan and the Upper Moons, including Akaza","Final-raid set piece in the Infinity Breach corridor; scattered squads, real permadeath",4
Infinity Castle Parts 2 and 3,Demon Slayer,"1,000",Canon,Tanjiro and the Corps,"Muzan, Upper Moons 1 and 2","Unmapped: no release date announced as of Aug 12, 2026",4
Castlevania season 1,Castlevania and Nocturne,"1,060",Adaptation,"Trevor Belmont, Sypha Belnades",Dracula; the corrupt Bishop,Tutorial for relic and Speaker magic; hunter plus Speaker as the base pair,4
Castlevania season 2,Castlevania and Nocturne,"1,060",Adaptation,"Trevor, Sypha, Alucard","Dracula's war council: Isaac, Hector, Carmilla",Devil forgemasters as a crafting protocol: hell-souls channeled into corpses. Dracula dies; the boss tier resets,4
Castlevania season 3,Castlevania and Nocturne,"1,060",Adaptation,"Alucard, Hector, Trevor and Sypha",Carmilla and her Council of Sisters; Isaac's army,Faction war after the boss dies; the priory plot to resurrect Dracula is stopped at Lindenfeld,4
Castlevania season 4,Castlevania and Nocturne,"1,060",Adaptation,"Trevor, Sypha, Alucard",Isaac; the resurrection cult; the Grim Reaper,Wallachia collapses into factions; the Infinite Corridor works as a door network between places,4
Nocturne season 1,Castlevania and Nocturne,"1,360",Canon,"Richter Belmont, Maria Renard, Annette, Edouard","Erzsebet Bathory, the Vampire Messiah; Olrox; Drolta","Door-keeper support (Annette and Legba), animal-spirit summons (Maria), a god-vessel boss (Erzsebet)",4
Nocturne season 2,Castlevania and Nocturne,"1,360",Canon,"Richter, Maria, Annette, with Alucard returning",Erzsebet and Olrox,Solar-war finale: Erzsebet's push for eternal night and her fight against Ra ends with her defeat,4
Nocturne season 3,Castlevania and Nocturne,"1,360",Canon,Richter and company,unknown,Unmapped: the coverage I found had no renewal confirmed,4
"Beginnings, two episodes of Korra book 2",Avatar,"1,500",Canon,Wan with Raava,Vaatu,"The Seal hinge: lion turtles grant bending, Wan merges with Raava and closes the portals",4
"Last Airbender book 1, Water",Avatar,"11,430",Canon,"Aang, Katara, Sokka","Zuko, Zhao, the Fire Nation",Operator class debut; the Northern siege as an environment-phase raid,4
"Last Airbender book 2, Earth",Avatar,"11,430",Canon,"Aang, Toph","Azula, Zuko, the Dai Li",Zone-control specialist; the Ba Sing Se collapse,4
"Last Airbender book 3, Fire",Avatar,"11,430",Canon,"Aang, Zuko",Ozai; Azula,Calamity as a phase-transition state; a lion turtle teaches Aang energybending,4
"Avatar Aang: The Last Airbender, animated film",Avatar,"11,440",Canon,Aang and the original cast as adults,an ancient power threatening Air Nomad culture,"New T3 content; the release date differs by source, so verify",4
"Legend of Korra book 1, Air",Avatar,"11,600",Canon,Korra,Amon; Tarrlok,Tech against bending: the Operator class counters benders,4
"Legend of Korra book 2, Spirits",Avatar,"11,600",Canon,Korra,"Unalaq, who fuses with Vaatu as the Dark Avatar",Portal open and close mechanic; the Dark Avatar boss mirror,4
"Legend of Korra book 3, Change",Avatar,"11,600",Canon,Korra and the new airbenders,Zaheer and the Red Lotus,Poison as a permanent body hediff that outlasts the fight,4
"Legend of Korra book 4, Balance",Avatar,"11,620",Canon,"Korra, Asami",Kuvira,T4 peak: the spirit-vine cannon opens a new portal in Republic City,4
"Avatar: Seven Havens, 26 episodes in two books",Avatar,"after 11,620",Canon,a young Earthbender Avatar and her long-lost twin,human and spirit enemies,Post-cataclysm survivor hubs; the collapse hinge has a franchise source,4
"Netflix live-action series: season 1 (2024), season 2 (Jun 25, 2026), season 3 renewed as the last",Avatar,branch,Adaptation,"Aang, Katara, Sokka, Zuko","Azula, the Fire Nation","Parallel branch, not placed on the trunk",4
"The Last Airbender, 2010 live-action film",Avatar,branch,Apocrypha,Aang and the Gaang,Fire Nation,Parked on its own branch,4
Naruto: Land of Waves,Naruto and Shippuden,"13,000",Canon,Team 7,"Zabuza, Haku",Chakra tutorial band; first squad of three,4
Naruto: Chunin Exams and Konoha Crush,Naruto and Shippuden,"13,000",Canon,"Naruto, Shikamaru, Rock Lee","Orochimaru, Gaara",Tailed-beast host as the first vessel-grammar unit; village as a unit,4
Naruto: Search for Tsunade and Sasuke Retrieval,Naruto and Shippuden,"13,000",Canon,"Naruto, Shikamaru","Orochimaru's Sound Four; Itachi and Kisame, Akatsuki",Retrieval mission: rescue a defecting ally under a clock,4
Shippuden: Kazekage Rescue to Akatsuki Suppression,Naruto and Shippuden,"13,003",Canon,"Naruto, Kakashi, Sakura","Sasori, Deidara, Hidan, Kakuzu",Sealing and summons as capture tech; permadeath of a teacher,4
Shippuden: Itachi Pursuit,Naruto and Shippuden,"13,004",Canon,Sasuke,Itachi,Duel with a condition-heavy ending,4
Shippuden: Pain's Assault,Naruto and Shippuden,"13,004",Canon,Naruto,Pain,Village-siege raid; the revive-by-sacrifice mechanic,4
Shippuden: Five Kage Summit and Fourth Great Ninja War,Naruto and Shippuden,"13,005",Canon,"Naruto, Sasuke, the Kage","Madara, Obito",Cap of the map: alliance-scale war; Otsutsuki endgame excluded,4
Hunter Exam,Hunter x Hunter,"14,000",Canon,"Gon, Killua, Kurapika, Leorio",Hisoka as exam rival,The license as an unlock: Hunter License access and Nen bind capture,4
Zoldyck Family,Hunter x Hunter,"14,000",Canon,"Gon, Killua",Killua's family,Assassin lineage and conditioning as a backstory stat package,4
Heavens Arena,Hunter x Hunter,"14,000",Canon,"Gon, Killua","Hisoka, arena rivals",Nen tutorial: the four principles and the stat-distribution rule,4
Yorknew City,Hunter x Hunter,"14,000",Canon,"Kurapika, Gon, Killua","The Phantom Troupe, including Chrollo and Nobunaga",Chain conditions versus innate precision; the Nobunaga and Morel geometry proof,4
Greed Island,Hunter x Hunter,"14,000",Canon,"Gon, Killua",the island's card-game rivals,A game inside the game: capture and binding as card mechanics,4
Chimera Ant,Hunter x Hunter,"14,000",Canon,"Gon, Killua, Kite, Netero",Meruem and his royal guard,Boss ecology; a Nen-beast raid; Netero's final-attack death as the permadeath showcase,4
13th Hunter Chairman Election,Hunter x Hunter,"14,000",Canon,"Leorio, Killua",Pariston Hill,"Politics and diplomacy: win by votes, not by fights",4
Epilogue,Hunter x Hunter,"14,000",Canon,"Gon, Killua",none,Reset beat; sets up the Dark Continent frontier,4
JJK 0 film,Jujutsu Kaisen,"about 14,017",Canon,Yuta Okkotsu,Suguru Geto,Vessel grammar with a cursed spirit bound to a host; the special-grade support unit,4
Season 1,Jujutsu Kaisen,"14,018",Canon,"Yuji Itadori, Megumi Fushiguro, Nobara Kugisaki","Sukuna inside Yuji; Mahito, Jogo, Hanami",Vessel grammar at full size; grade system; the anti-Nuzlocke escalation rule,4
"Season 2, Hidden Inventory and Premature Death",Jujutsu Kaisen,"about 14,006",Canon,"Gojo, Geto",Toji Fushiguro,Fundamentals-path viability: a unit with no innate technique that still reaches the top bands,4
"Season 2, Shibuya Incident",Jujutsu Kaisen,"14,018",Canon,"Itadori, Fushiguro, Nanami, Gojo","Mahito, Jogo, Kenjaku, Sukuna",Special-grade raid with domain clashes; mass permadeath,4
Jujutsu Kaisen: Execution film,Jujutsu Kaisen,"14,018",Adaptation,same,same,Recut of Shibuya plus season 3 episodes 1 and 2; no new CE content,4
"Season 3, Culling Game Part 1",Jujutsu Kaisen,"14,018 and after",Canon,"Itadori, Fushiguro, Yuta, Higuruma, Hakari",Kenjaku; Sukuna,Rule-bound battle royale: a changing zone and contract-style rules,4
"Season 4, Culling Game Part 2",Jujutsu Kaisen,"after 14,018",Canon,the surviving sorcerers,Kenjaku; Sukuna,Unmapped: confirmed in March 2026 with a teaser; no date,4
S1 (2019): Final Selection → Asakusa → Tsuzumi Mansion → Natagumo Mountain,Demon Slayer,I-1,●,"Tanjiro, Nezuko",Rui (Lower Moon Five),"Water/Thunder/Beast Breath decks, Total Concentration, Blood Demon Arts, Sunrise Law",5
Movie: Mugen Train (2020),Demon Slayer,I-2,●,Tanjiro squad + Rengoku,Enmu → Akaza,"Flame Breath deck, sleep/dream targeting (internal mode), Akaza gate, Rengoku GOAT token",5
S2 (2021–22): Entertainment District,Demon Slayer,I-3,●,"Tanjiro, Zenitsu, Inosuke + Tengen",Daki & Gyutaro (Upper Six),"Sound Breath deck, dual-blade body plan, sash blood art (field control), poison rot (capacity damage)",5
S3 (2023): Swordsmith Village,Demon Slayer,I-4,●,Tanjiro + Mitsuri/Muichiro/Genya,"Hantengu (Upper Four), Gyokko (Upper Five)","Mist/Love decks, Demon Slayer Mark (modifier layer), demon-eating Beast layer, pot teleport (field mode), Nezuko sun-resistance seed",5
S4 (2024): Hashira Training,Demon Slayer,I-5,●,Full Hashira roster,Muzan (direct),"Mark-spreading training arcs (stacked modifier layers), pre-war audit mode, BST band re-certification",5
Movie: Infinity Castle Part 1 (2025),Demon Slayer,I-6,●,Corps vs Infinity Castle,Akaza / Doma / Kokushibo / Muzan,"Infinity Castle (Age I's pocket-dimension node), Moon Breath reveal (ancestor fiction type), Doma's ice+lotus, Kokushibo multi-blade body, Tamayo's anti-Muzan drug (chemistry modifier)",5
"Movie: Infinity Castle Part 2 (pending, tracking 2027)",Demon Slayer,I-7,●,Final united corps,Muzan (true final),"Sunrise finisher (era-law payoff), Mark limit costs, Age I close-out",5
S1 (2017): Wallachia 1455,Castlevania,II-1,●,"Trevor, Sypha, Alucard",Dracula's night horde / Bishop of Gresit,"Morningstar whip (weapon body part), Speaker elemental magic, dhampir hybrid body plan, night creatures, grief-vow (Dracula's vow = first binding-vow precedent)",5
S2 (2018): War Council,Castlevania,II-2,●,"Trevor, Sypha, Alucard",Dracula (throne room),"Soul forging industrialized (Forgemaster fiction type), vampire politics faction, Dracula death → Resurrection Law seeded",5
S3 (2021): Lindenfeld,Castlevania,II-3,●,Trevor+Sypha / Alucard / Isaac,Sala's priory + Hell portal attempt,"Infinite Corridor (barrier-tunnel travel), Hell-portal research, Isaac's forge pilgrimage (abandoned-city industry), Corridor scholar (Void-curious fiction branch)",5
S4 (2021): Averno,Castlevania,II-4,●,"Trevor, Sypha, Alucard + Greta",Death (true villain),"Death entity (Void/Forbidden fiction type), resurrection-law hijack, Trevor-vs-Death mortal tech finale, Dracula+Lisa restoration (law loophole)",5
Nocturne S1 (2023): France 1792,Castlevania + Nocturne,II-5,●,"Richter Belmont, Maria, Annette",Erzsebet Bathory (vampire messiah),"Belmont water-ice hybrid, Vodou spirit conduit (new Speaker-dialect fiction type), Maria's summon spirits, Olrox ambiguity build, Sekhmet goddess-vessel mechanic",5
Nocturne S2 (2025): Eclipse,Castlevania + Nocturne,II-6,●,"Richter, Maria, Annette + Alucard","Erzsebet/Sekhmet, Drolta","Eclipse Law (inverted Sunrise Law), Sekhmet resurrection (goddess raid tier), Alucard's-sword inheritance (GOAT-token transfer mechanic), Drolta permanent-kill finisher",5
ATLA Book 1: Water (2005),Avatar,III-1,●,"Aang, Katara, Sokka",Admiral Zhao (moon-slayer),"Waterbending deck, spirit first-contact (Hei Bai), Moon/Ocean spirit vessels, Yue sacrifice (spirit-vessel mechanic), Sunrise-law echo",5
ATLA Book 2: Earth (2006),Avatar,III-2,●,Aang + Toph,Azula + Long Feng (Ba Sing Se falls),"Earthbending + metalbending seed, lightning generation (advanced tier), chakra gate system (body-plan capacity model), conspiracy faction, Aang's severed chakra wound",5
ATLA Book 3: Fire (2007–08),Avatar,III-3,●,Aang + Zuko joins,Ozai (comet duel) + Azula (Agni Kai),"Sozin's Comet Law (temporary gen-law amplifier), fire mastery, combustion targeting, bloodbending dark node, energybending (no-kill GOAT finisher — spirit-law endgame)",5
LoK Book 1: Air (2012),Avatar,III-4,●,Korra,Amon,"Pro-bending ruleset, chi-blocking, Equalist tech tier, Amon's moonless bloodbending (era-law break), city-era infrastructure",5
LoK Book 2: Spirits (2013),Avatar,III-5,●,Korra,Unalaq + Vaatu (Unavaatu),"Wan flashback (ladder pre-history — the Conduit origin), Raava/Vaatu (Solar/Nocturne spirits), Dark Avatar (dark GOAT branch), Harmonic Convergence Law, portals OPEN, past-life archive severed (fossil-archive wipe — engine hook)",5
LoK Book 3: Change (2014),Avatar,III-6,●,Korra + new Air Nation,Zaheer + Red Lotus,"Lava/combusson/flight advanced tiers, Zaheer's flight (enlightened void node), poison-triggered Avatar State, anarchy faction",5
LoK Book 4: Balance (2014),Avatar,III-7,●,Korra,Kuvira (spirit-vine mecha),"Spirit-vine energy weapons (spirit-tech fusion), giant mecha (industrial modifier layer), Kuvira's Earth Empire faction, era-law institutionalized: portals stay open",5
Land of Waves,Naruto,IV-1,●,Team 7,Zabuza + Haku,"Ice kekkei genkai (lost tech), missing-nin economy, Sharingan reveal, first ""villain is people"" lesson",5
Chunin Exams,Naruto,IV-2,●,Naruto + Konoha rookies,Orochimaru (forest) → Gaara (finals),"Curse mark (modifier layer), jinchuriki reveal, Eight Gates stance ladder, genjutsu (mental targeting)",5
Konoha Crush,Naruto,IV-3,●,Konoha,Orochimaru (Edo Hokage duel),"Edo Tensei debut (resurrection law tech arrives in Age IV), village-scale war node",5
Search for Tsunade,Naruto,IV-4,●,Naruto + Jiraiya,Itachi + Kisame (tease),"Medical ninjutsu (repair capacity), Itachi gate (Tsukuyomi — the era's mental raid), Sannin faction",5
Sasuke Recovery,Naruto,IV-5,●,Retrieval squad,Sound Four + Kimimaro,"Bone kekkei genkai (bone body plan), cursed-seal stage 2, party-wipe loss condition (the arc is a scripted defeat)",5
Movie: Ninja Clash in the Land of Snow (2004),Naruto,IV-6,◐,Team 7,Doto Kazahana,"Chakra armor (tech counter to CE), snow-country map",5
Movie: Legend of the Stone of Gelel (2005),Naruto,IV-7,◐,Naruto + Temujin,Haido,Gelel stone (external CE battery — Age IV's spirit-vine analog),5
Movie: Guardians of the Crescent Moon Kingdom (2006),Naruto,IV-8,◐,Team 7,Shabadaba,"Rich-state politics, bodyguard mission template",5
Kazekage Rescue,Naruto + Shippuden,IV-9,●,Team Kakashi + Team Guy,Deidara + Sasori,"Akatsuki raid-org, puppet full-conversion body plan (Sasori), explosion art (Deidara), Chiyo's one-life resurrection",5
Tenchi Bridge / Sai & Sasuke,Naruto + Shippuden,IV-10,●,Team Yamato,Orochimaru (four-tails Naruto),"Four-tailed beast modifier (party hazard — attacks allies), body-swap immortality tech",5
Immortals (Hidan & Kakuzu),Naruto + Shippuden,IV-11,●,Team 10 + Kakashi,Hidan + Kakuzu,"Kakuzu's hearts (literal HP extender mechanic), Hidan's cult immortality (vow-based invulnerability), ritual circle (field trap)",5
Itachi Pursuit,Naruto + Shippuden,IV-12,●,Sasuke's team + Jiraiya,Itachi (Susanoo) / Pain (Jiraiya's end),"Susanoo (aura body plan), Amaterasu (inextinguishable DoT), Kirin (weather-tier technique), Sage Mode debut, Itachi truth (double-agent lore bomb)",5
Pain's Assault,Naruto + Shippuden,IV-13,●,Naruto (Sage Mode),Six Paths of Pain,"Six-path puppet network (one player, six bodies), village destruction scale, Rinne Rebirth (mass resurrection gen-law — the era's Convergence-tier event)",5
Five Kage Summit,Naruto + Shippuden,IV-14,●,Naruto / Sasuke (dual),Danzo + rogue Sasuke,"Izanagi arm (reality-edit modifier layer), dual-protagonist node, war-law countdown",5
Fourth Great Ninja War I,Naruto + Shippuden,IV-15,●,Allied Shinobi Forces,Edo Tensei army + Madara,"Resurrection law industrialized (army-scale Edo Tensei), Madara Perfect Susanoo + meteor, alliance faction system",5
War climax: Ten-Tails → Kaguya,Naruto + Shippuden,IV-16,●,Naruto + Sasuke,Obito → Madara → Kaguya,"Ten-Tails (era apex), Kaguya chakra-origin reveal (the Age IV origin bomb — chakra as imported fruit), dimension-shift battlefield, six-paths sage power-up",5
Movie: The Last (2014),Naruto + Shippuden,IV-17,●,Naruto + Hinata,Toneri Otsutsuki,"Canon post-war bridge, Tenseigan (Hyuga ultimate tier), moon-stage map",5
Movie: Boruto (2015),Naruto + Shippuden,IV-18,●,Boruto gen + Naruto,Momoshiki/Kinshiki,"Otsutsuki faction (Age V threat seed), scientific ninja tools (tech counters CE again — cycle callback)",5
"Shippuden movie pack: Shippuden the Movie (2007), Bonds (2008), Will of Fire (2009), Lost Tower (2010), Blood Prison (2011), Road to Ninja (2012)",Naruto + Shippuden,IV-SQ,◐,Naruto + squads,Moryo / Reibi / Hiruko / Mukade / Satori box / Menma,"Side-quest pack: Zero-Tails (Reibi), limited Tsukuyomi (Road to Ninja's mirror world = free Amala-branch content), Hiruko's chimera tech, Blood Prison seal law",5
Hunter Exam,Hunter x Hunter,V-1,●,"Gon, Killua, Kurapika, Leorio",Hisoka (recurring rival) + Hanzo,"Risk/reward contract rules, Hisoka's Bloodlust aura pressure, Illumi's needle (hidden modifier), exam economy",5
Zoldyck Family,Hunter x Hunter,V-2,●,Gon + Killua rescue,Zoldyck household,"Assassination economy faction, family-as-guild, butler contract system",5
Heavens Arena,Hunter x Hunter,V-3,●,Gon + Killua,Hisoka (Gon's rematch),"Nen system unlock (six categories = the fiction-type selector reveal), Ten/Ren/Zetsu/Hatsu as modifier layers, floor-economy ladder",5
Yorknew City,Hunter x Hunter,V-4,●,Kurapika (POV lead),Chrollo + Phantom Troupe,"Chain Jail / binding-vow weaponization (restrictions = power), Chrollo's Skill Hunter (MoveCard theft mechanic), Troupe economy, Emperor Time (Genocide-vow power)",5
Greed Island,Hunter x Hunter,V-5,●,Gon + Killua,Razor → Genthru (Bombers),"Game-within-world tech tree (card system = literal MoveCard summoning economy), emission dodgeball raid, Countdown bomb (vow-based DoT), Biscuit's true form",5
Chimera Ant,Hunter x Hunter,V-6,●,Gon + Killua + Meruem (dual POV),Meruem + Royal Guard,"Phagogenesis (consume-to-inherit technique fossils — the biological version of your whole archive), Royal Guard tiers, Gon-san transformation (the ultimate stabilityCost: all future Nen), Poor Man's Rose (nuclear-era law: modern tech answers Nen), King's humanity arc",5
13th Chairman Election,Hunter x Hunter,V-7,●,Killua + Gon (recovery),Pariston (chaos agent),"Wish/contract law (Nanika's escalating price), Pariston's zero-win-condition antagonist, post-Gon-san rebuild arc",5
Movie: Phantom Rouge (2013),Hunter x Hunter,V-SQ,◐,Gon squad + Kurapika,Omokage,"Puppet-eye theft tech, Kurapika backstory node",5
Movie: The Last Mission (2013),Hunter x Hunter,V-SQ,◐,Gon + Killua,Jed (On),On — corrupted/dark Nen branch (JJK's cursed-energy bridge: On is the missing link between Nen and CE),5
Movie: Jujutsu Kaisen 0 (2021) — chronologically FIRST,Jujutsu Kaisen,VI-1,●,Yuta + Rika,Suguru Geto (Night Parade),"Love-as-curse binding vow (Rika — the extreme-vow precedent), Yuta's copy, curse manipulation (Geto's spirit army), Night Parade (city-scale raid)",5
S1 (2020–21),Jujutsu Kaisen,VI-2,●,"Yuji, Megumi, Nobara",Mahito (+ Sukuna gate),"Cursed energy fundamentals, soul targeting (Mahito — targetProfile: soul), Idle Transfiguration, Boogie Woogie (position swap), Sukuna finger economy, finger-bearer corruption nodes",5
S2 (2023): Hidden Inventory + Shibuya,Jujutsu Kaisen,VI-3,●,Gojo & Geto (past) → Yuji (present),Toji → Kenjaku/Sukuna (Shibuya),"Limitless + Six Eyes (the strongest GOAT ceiling), RCT (reversal healing), Shibuya: Sukuna 15-finger rampage + Mahoraga (adaptive boss), Gojo sealed (GOAT-token lockout), Kenjaku's brain-hopping (ties to Orochimaru tech)",5
S3 (2026): Culling Game Part 1,Jujutsu Kaisen,VI-4,●,"Yuji, Yuta, Maki, Hakari, Panda",Sukuna (in Megumi's body) + Kenjaku + Naoya (vengeful),"Culling Game = era law as literal game rules (Kenjaku's nation-scale binding-vow: points, colonies, add-rules), Sukuna's body-hijack (possession targeting), Hakari's pachinko domain (domain variety), Maki's Toji-awakening (Heavenly Restriction path), vengeful-spirit transformation",5
S4 (2027): Culling Game Part 2,Jujutsu Kaisen,VI-5,●,Yuji + unsealed Gojo,Sukuna (true form) — Gojo vs Sukuna apex duel,"Gojo unsealed (GOAT token restored), Higuruma's trial domain (judgment mechanic), Kashimo's mythic-era CE, endgame: the strongest vs the fiercest",5
Ninja Clash in the Land of Snow (2004),Naruto and Shippuden,after Naruto episode 101,Apocrypha,Not in source,Doto Kazahana,Original-series film,4
Legend of the Stone of Gelel (2005),Naruto and Shippuden,"Part I era, slot not sourced",Apocrypha,Not in source,not sourced,Original-series film,4
Guardians of the Crescent Moon Kingdom (2006),Naruto and Shippuden,"Part I era, slot not sourced",Apocrypha,Not in source,not sourced,Original-series film,4
Shippuden the Movie (2007),Naruto and Shippuden,after Shippuden episode 32,Apocrypha,Not in source,Moryo,Naruto protects the priestess Shion,4
Bonds (2008),Naruto and Shippuden,"Shippuden era, slot not sourced",Apocrypha,Not in source,Amaru,Shippuden film,4
The Will of Fire (2009),Naruto and Shippuden,"after Shippuden episode 126, as the war threatens",Apocrypha,Not in source,not sourced,Set during the potential outbreak of the war,4
The Lost Tower (2010),Naruto and Shippuden,after Shippuden episode 143,Apocrypha,Not in source,Mukade,A new Team 7 chases a rogue ninja into a strange turn,4
Blood Prison (2011),Naruto and Shippuden,"Shippuden era, slot not sourced",Apocrypha,Not in source,Mui,Shippuden film,4
Road to Ninja (2012),Naruto and Shippuden,after Shippuden episode 251,"Apocrypha, alternate reality",Not in source,Tobi,Naruto and Sakura enter a mirror world,4
The Last: Naruto the Movie (2014),Naruto and Shippuden,"after Shippuden episode 493, two years after the war","Canon, Cut",Not in source,Toneri Otsutsuki,Cut: the Otsutsuki and moon material,4
Boruto: Naruto the Movie (2015),Naruto and Shippuden,follows The Last,"Canon, Cut",Not in source,"Momoshiki and Kinshiki, Otsutsuki",Cut: Otsutsuki and next-generation scope,4
Phantom Rouge (2013),Hunter x Hunter,between Yorknew City and Greed Island,Apocrypha,Not in source,Phantom Rouge,Kurapika's story; Hisoka and the Troupe appear. One reviewer reports Kurapika's backstory was written by Togashi,4
The Last Mission (2013),Hunter x Hunter,"contested: between Greed Island and Chimera Ant, or after the whole run",Apocrypha,Not in source,"a group called Shadow, seeking revenge on the Hunter Association (one source)",Original story with no later impact,4
1999 series and its OVAs,Hunter x Hunter,separate branch,Apocrypha,Not in source,not mapped,A second adaptation; not mapped arc by arc,4
"Filler seasons (Tea Country, Rice Field, etc.)",Naruto,Not in source,○,Konoha squads,Assorted,Farm nodes only; no timeline weight,5